[
  {
    "name": "Amr",
    "email": "salmagaballa14@gmail.com",
    "room": "Room A",
    "date": "1212-12-12",
    "time": "12:12"
  },
  {
    "name": "Amra",
    "email": "salmagabalsala14@gmail.com",
    "room": "Room B",
    "date": "1212-12-12",
    "time": "02:12"
  },
  {
    "name": "Amr",
    "email": "a12asas@gmail.com",
    "room": "Room C",
    "date": "1222-02-12",
    "time": "12:12"
  },
  {
    "name": "Amr",
    "email": "salmagaballa14@gmail.com",
    "room": "Room A",
    "date": "4444-04-04",
    "time": "16:44"
  },
  {
    "name": "amr",
    "email": "asasas@gmail.copm",
    "room": "Room C",
    "date": "11111-11-11",
    "time": "11:11"
  }
]